{"name":"zypper","version":"0.4.0","description":"Provides resources for managing zypper repositories","long_description":"# zypper Cookbook\n\nCookbook that provides a lwrp for zypper repositories and also a recipe to install and configure the smt-client for SLES.\n\n## Requirements\n\n### Platforms\n\n- SLES 11+\n- openSUSE 13+\n- openSUSE Leap\n\n### Chef\n\n- Chef 11+\n\n### Cookbooks\n\n- none\n\n## Attributes\n\n### zypper::smt_client\n\nKey                             | Type   | Description         | Default\n------------------------------- | ------ | ------------------- | ------------\n<tt>['zypper']['smt_host']</tt> | String | uri of the SMT host | <tt>nil</tt>\n\n## Resource/Provider\n\n## zypper_repo\n\n### Actions\n\n- **add** - adds a repo\n- **delete** - removes a repo\n\n### Attributes\n\n- **repo_name** - repo alias (name attribute)\n- **uri** - uri of the repo\n- **autorefresh** - enable autorefresh\n- **key** - location of repo key to import\n- **priority** - priority of the repo\n\n## Example Usage\n\n```ruby\nzypper_repo 'remove_dvd_repo' do\n  action :remove\n  repo_name 'SLES11SP3-x64 DVD1 Online'\nend\n\nzypper_repo 'add_dvd_repo' do\n  repo_name 'SLES11SP3-x64 DVD1 Online'\n  uri 'http://demeter.uni-regensburg.de/SLES11SP3-x64/DVD1/'\nend\n\nzypper_repo 'jenkins' do\n  key 'http://pkg.jenkins-ci.org/redhat/jenkins-ci.org.key'\n  uri 'http://pkg.jenkins-ci.org/opensuse/'\nend\n```\n\n### zypper::smt_client\n\nJust include `zypper::smt_client` in your node's `run_list` and set the `smt_host` attribute to your smt server:\n\n```json\n{\n  \"name\":\"my_node\",\n  \"normal\": {\n    \"zypper\": {\n      \"smt_host\": \"smt.example.com\"\n    }\n  },\n  \"run_list\": [\n    \"recipe[zypper]\"\n  ]\n}\n```\n\n## Testing\n\nTo test with test kitchen you need to have a SLES Vagrant box already on your system(checkout github.com/opscode/bento). In order to test the smt recipe with your smt server set the SMT_HOST env variable to your smt host:\n\n```shell\nexport SMT_HOST=smt.example.com\n```\n\n## Contributing\n\n1. Fork the repository on Github\n2. Create a named feature branch (like `add_component_x`)\n3. Write you change\n4. Write tests for your change (if applicable)\n5. Run the tests, ensuring they all pass\n6. Submit a Pull Request using Github\n\n## License and Authors\n\n- Author:: Jim Rosser(jarosser06@gmail.com)\n\n```text\ncopyright (C) 2014-2016 Jim Rosser\n\nPermission is hereby granted, free of charge, to any person\nobtaining a copy of this software and associated documentation\nfiles (the “Software”), to deal in the Software without restriction,\nincluding without limitation the rights to use, copy, modify, merge,\npublish, distribute, sublicense, and/or sell copies of the Software,\nand to permit persons to whom the Software is furnished to do so,\nsubject to the following conditions:\n\nThe above copyright notice and this permission notice shall be\nincluded in all copies or substantial portions of the Software.\n\nTHE SOFTWARE IS PROVIDED “AS IS”, WITHOUT WARRANTY OF ANY KIND,\nEXPRESS OR IMPLIED, INCLUDING BUT NOT LIMITED TO THE WARRANTIES\nOF MERCHANTABILITY, FITNESS FOR A PARTICULAR PURPOSE AND\nNONINFRINGEMENT. IN NO EVENT SHALL THE AUTHORS OR COPYRIGHT\nHOLDERS BE LIABLE FOR ANY CLAIM, DAMAGES OR OTHER LIABILITY,\nWHETHER IN AN ACTION OF CONTRACT, TORT OR OTHERWISE, ARISING\nFROM, OUT OF OR IN CONNECTION WITH THE SOFTWARE OR THE USE OR\nOTHER DEALINGS IN THE SOFTWARE.\n```\n","maintainer":"Jim Rosser","maintainer_email":"jarosser06@gmail.com","license":"MIT","platforms":{"suse":">= 0.0.0","opensuse":">= 0.0.0","opensuseleap":">= 0.0.0"},"dependencies":{},"recommendations":{},"suggestions":{},"conflicting":{},"providing":{},"replacing":{},"attributes":{},"groupings":{},"recipes":{},"source_url":"https://github.com/jarosser06/chef-zypper","issues_url":"https://github.com/jarosser06/chef-zypper/issues","chef_version":[[">= 11"]],"ohai_version":[]}